,0
0,'s
1,may
2,give
3,fifteen
4,due
5,wherever
6,any
7,nowhere
8,n't
9,out
10,toward
11,via
12,alone
13,becoming
14,beside
15,serious
16,whether
17,a
18,get
19,seem
20,except
21,nothing
22,more
23,once
24,as
25,anyway
26,ours
27,therein
28,along
29,did
30,only
31,used
32,everyone
33,mostly
34,should
35,we
36,seeming
37,several
38,that
39,who
40,have
41,became
42,am
43,without
44,under
45,almost
46,often
47,they
48,until
49,themselves
50,those
51,around
52,was
53,other
54,is
55,hence
56,been
57,none
58,hers
59,not
60,our
61,whereas
62,never
63,besides
64,'d
65,various
66,‘ll
67,their
68,into
69,back
70,part
71,whither
72,whereby
73,made
74,become
75,one
76,meanwhile
77,‘s
78,than
79,twelve
80,another
81,down
82,though
83,he
84,’ll
85,your
86,among
87,were
88,sixty
89,enough
90,third
91,see
92,afterwards
93,everything
94,upon
95,below
96,each
97,twenty
98,'ve
99,formerly
100,'re
101,across
102,move
103,after
104,in
105,wherein
106,such
107,however
108,something
109,thru
110,yourselves
111,last
112,nine
113,both
114,where
115,me
116,whoever
117,throughout
118,by
119,quite
120,further
121,former
122,now
123,moreover
124,else
125,done
126,her
127,noone
128,please
129,anywhere
130,unless
131,using
132,through
133,perhaps
134,name
135,somewhere
136,these
137,whole
138,eight
139,regarding
140,n‘t
141,anyhow
142,up
143,this
144,of
145,all
146,thereupon
147,does
148,much
149,there
150,will
151,hereby
152,most
153,indeed
154,together
155,myself
156,five
157,therefore
158,elsewhere
159,and
160,since
161,do
162,about
163,would
164,anyone
165,his
166,which
167,hundred
168,thence
169,if
170,fifty
171,whom
172,say
173,an
174,next
175,either
176,behind
177,with
178,when
179,from
180,take
181,no
182,being
183,four
184,beyond
185,put
186,towards
187,beforehand
188,at
189,thus
190,less
191,everywhere
192,what
193,well
194,full
195,the
196,'m
197,eleven
198,becomes
199,amount
200,whereafter
201,yet
202,just
203,thereafter
204,per
205,must
206,otherwise
207,really
208,too
209,yours
210,but
211,could
212,some
213,ever
214,whenever
215,few
216,she
217,go
218,although
219,cannot
220,very
221,might
222,re
223,yourself
224,call
225,again
226,rather
227,during
228,hereafter
229,it
230,can
231,mine
232,’d
233,empty
234,others
235,side
236,least
237,first
238,him
239,nor
240,you
241,himself
242,be
243,for
244,‘m
245,before
246,over
247,namely
248,’ve
249,against
250,onto
251,bottom
252,why
253,someone
254,’re
255,whatever
256,itself
257,keep
258,same
259,while
260,latter
261,three
262,n’t
263,had
264,every
265,‘d
266,‘ve
267,seemed
268,nobody
269,how
270,ten
271,i
272,whereupon
273,‘re
274,always
275,forty
276,whence
277,ourselves
278,'ll
279,on
280,within
281,whose
282,own
283,somehow
284,many
285,two
286,still
287,them
288,already
289,six
290,my
291,seems
292,neither
293,hereupon
294,nevertheless
295,ca
296,has
297,herein
298,latterly
299,herself
300,are
301,make
302,’s
303,doing
304,top
305,us
306,so
307,sometimes
308,between
309,sometime
310,thereby
311,above
312,also
313,here
314,or
315,then
316,its
317,’m
318,show
319,off
320,to
321,anything
322,even
323,because
324,amongst
325,front
